{
    "header": [
        " *   ",
        " *   文件描述：本文件为请求参数，包括不限于网址、请求头、响应头、COOKIE、Referer、UserAgent",
        " *   本文件仅为记录详细请求参数便于调试，非专业人员可将本文件删除",
        " *   详细介绍请参考: https://bazhan.me/faq",
        " *   "
    ],
    "directory": "gamesense-pub-fedj3nvn",
    "options": {
        "url": "https://gamesense.pub/",
        "index": "index.html",
        "domain": "gamesense.pub",
        "origin": "https://gamesense.pub",
        "ipaddress": "144.217.66.241",
        "originURL": "https://gamesense.pub/",
        "filenameGenerator": "byType",
        "request": {
            "headers": {
                "accept": "text/html,*/*",
                "accept-language": "zh-CN,zh;q=0.9",
                "accept-encoding": "gzip",
                "cache-control": "no-cache",
                "user-agent": "Mozilla/5.0 (Windows NT 10.0; Win64; x64) AppleWebKit/537.36 (KHTML, like Gecko) Chrome/78.0.3904.108 Safari/537.36",
                "x-scraper-website": "https://bazhan.me/"
            }
        },
        "response": {
            "statusCode": 200,
            "headers": {
                "server": "nginx",
                "date": "Sun, 01 Aug 2021 13:40:05 GMT",
                "content-type": "text/html",
                "last-modified": "Thu, 26 Apr 2018 02:47:16 GMT",
                "transfer-encoding": "chunked",
                "connection": "keep-alive",
                "vary": "Accept-Encoding",
                "etag": "W/\"5ae13db4-5dc\"",
                "expires": "Mon, 02 Aug 2021 13:40:05 GMT",
                "cache-control": "max-age=86400, public",
                "content-encoding": "gzip"
            }
        }
    },
    "user": {
        "isWhite": false
    },
    "formatter": [
        "saveOriginal"
    ],
    "time": {
        "start": 1627825203935,
        "end": 1627825208653,
        "spend": 4.718
    }
}